Fieldnum,Full_name,Abbreviation
23400,Total Cholesterol,tot_chol
23401,Total Cholesterol Minus HDL-C,tot_chol_no_hdl
23402,"Remnant Cholesterol (Non-HDL, Non-LDL -Cholesterol)",remnant_chol
23403,VLDL Cholesterol,vldl_chol
23404,Clinical LDL Cholesterol,clin_ldl_chol
23405,LDL Cholesterol,ldl_chol
23406,HDL Cholesterol,hdl_chol
23407,Total Triglycerides,tot_trglyc
23408,Triglycerides in VLDL,vldl_triglyc
23409,Triglycerides in LDL,ldl_trglyc
23410,Triglycerides in HDL,hdl_triglc
23411,Total Phospholipids in Lipoprotein Particles,tot_phosphol
23412,Phospholipids in VLDL,vldl_phosphol
23413,Phospholipids in LDL,ldl_phosphol
23414,Phospholipids in HDL,hdl_phosphol
23415,Total Esterified Cholesterol,tot_echol
23416,Cholesteryl Esters in VLDL,vldl_echol
23417,Cholesteryl Esters in LDL,ldl_echol
23418,Cholesteryl Esters in HDL,hdl_echol
23419,Total Free Cholesterol,tot_frchol
23420,Free Cholesterol in VLDL,vldl_frchol
23421,Free Cholesterol in LDL,ldl_frchol
23422,Free Cholesterol in HDL,hdl_frchol
23423,Total Lipids in Lipoprotein Particles,tot_lipids
23424,Total Lipids in VLDL,vldl_lipids
23425,Total Lipids in LDL,ldl_lipids
23426,Total Lipids in HDL,hdl_lipids
23427,Total Concentration of Lipoprotein Particles,tot_lipopro
23428,Concentration of VLDL Particles,vldl_lipopro
23429,Concentration of LDL Particles,ldl_lipopro
23430,Concentration of HDL Particles,hdl_lipopro
23431,Average Diameter for VLDL Particles,vldl_avg_diam
23432,Average Diameter for LDL Particles,ldl_avg_diam
23433,Average Diameter for HDL Particles,hdl_avg_diam
23434,Phosphoglycerides,phosphog
23435,Triglycerides to Phosphoglycerides ratio,tri_phosphog
23436,Total Cholines,tot_choline
23437,Phosphatidylcholines,phosphat
23438,Sphingomyelins,sphing
23439,Apolipoprotein B,apo_b
23440,Apolipoprotein A1,apo_a1
23441,Apolipoprotein B to Apolipoprotein A1 ratio,apo_b_to_apo_a1
23442,Total Fatty Acids,tot_fat_acid
23443,Degree of Unsaturation,deg_unsat
23444,Omega-3 Fatty Acids,om3_fat
23445,Omega-6 Fatty Acids,om6_fat
23446,Polyunsaturated Fatty Acids,polyun_fat
23447,Monounsaturated Fatty Acids,monoun_fat
23448,Saturated Fatty Acids,sat_fat
23449,Linoleic Acid,linoleic_acid
23450,Docosahexaenoic Acid,docasahex_acid
23451,Omega-3 Fatty Acids to Total Fatty Acids percentage,om3_fat_pct
23452,Omega-6 Fatty Acids to Total Fatty Acids percentage,om6_fat_pct
23453,Polyunsaturated Fatty Acids to Total Fatty Acids percentage,polyun_fat_pct
23454,Monounsaturated Fatty Acids to Total Fatty Acids percentage,monoun_fat_pct
23455,Saturated Fatty Acids to Total Fatty Acids percentage,sat_fat_pct
23456,Linoleic Acid to Total Fatty Acids percentage,linoleic_acid_pct
23457,Docosahexaenoic Acid to Total Fatty Acids percentage,docasahex_acid_pct
23458,Polyunsaturated Fatty Acids to Monounsaturated Fatty Acids ratio,poly_mono_ratio
23459,Omega-6 Fatty Acids to Omega-3 Fatty Acids ratio,om6_om3_ratio
23460,Alanine,alanine
23461,Glutamine,glutamine
23462,Glycine,glycine
23463,Histidine,histidine
23464,Total Concentration of Branched-Chain Amino Acids (Leucine + Isoleucine + Valine),bcaa
23465,Isoleucine,isoleucine
23466,Leucine,leucine
23467,Valine,valine
23468,Phenylalanine,phenylalanine
23469,Tyrosine,tyrosine
23470,Glucose,glucose
23471,Lactate,lactate
23472,Pyruvate,pyruvate
23473,Citrate,citrate
23474,3-Hydroxybutyrate,hydroxy3
23475,Acetate,acetate
23476,Acetoacetate,acetoacetate
23477,Acetone,acetone
23478,Creatinine,creatinine
23479,Albumin,albumin
23480,Glycoprotein Acetyls,glycoprotein_acetyls
23481,Concentration of Chylomicrons and Extremely Large VLDL Particles,vldl_xl_conc
23482,Total Lipids in Chylomicrons and Extremely Large VLDL,vldl_xl_tot_lipids
23483,Phospholipids in Chylomicrons and Extremely Large VLDL,vldl_xl_phospholipids
23484,Cholesterol in Chylomicrons and Extremely Large VLDL,vldl_xl_chol
23485,Cholesteryl Esters in Chylomicrons and Extremely Large VLDL,vldl_xl_steryl_esters
23486,Free Cholesterol in Chylomicrons and Extremely Large VLDL,vldl_xl_fr_chol
23487,Triglycerides in Chylomicrons and Extremely Large VLDL,vldl_xl_triglyc
23488,Concentration of Very Large VLDL Particles,vldl_vl_conc
23489,Total Lipids in Very Large VLDL,vldl_vl_tot_lipids
23490,Phospholipids in Very Large VLDL,vldl_vl_phospholipids
23491,Cholesterol in Very Large VLDL,vldl_vl_chol
23492,Cholesteryl Esters in Very Large VLDL,vldl_vl_steryl_esters
23493,Free Cholesterol in Very Large VLDL,vldl_vl_fr_chol
23494,Triglycerides in Very Large VLDL,vldl_vl_triglyc
23495,Concentration of Large VLDL Particles,vldl_l_conc
23496,Total Lipids in Large VLDL,vldl_l_tot_lipids
23497,Phospholipids in Large VLDL,vldl_l_phospholipids
23498,Cholesterol in Large VLDL,vldl_l_chol
23499,Cholesteryl Esters in Large VLDL,vldl_l_steryl_esters
23500,Free Cholesterol in Large VLDL,vldl_l_fr_chol
23501,Triglycerides in Large VLDL,vldl_l_triglyc
23502,Concentration of Medium VLDL Particles,vldl_m_conc
23503,Total Lipids in Medium VLDL,vldl_m_tot_lipids
23504,Phospholipids in Medium VLDL,vldl_m_phospholipids
23505,Cholesterol in Medium VLDL,vldl_m_chol
23506,Cholesteryl Esters in Medium VLDL,vldl_m_steryl_esters
23507,Free Cholesterol in Medium VLDL,vldl_m_fr_chol
23508,Triglycerides in Medium VLDL,vldl_m_triglyc
23509,Concentration of Small VLDL Particles,vldl_s_conc
23510,Total Lipids in Small VLDL,vldl_s_tot_lipids
23511,Phospholipids in Small VLDL,vldl_s_phospholipids
23512,Cholesterol in Small VLDL,vldl_s_chol
23513,Cholesteryl Esters in Small VLDL,vldl_s_steryl_esters
23514,Free Cholesterol in Small VLDL,vldl_s_fr_chol
23515,Triglycerides in Small VLDL,vldl_s_triglyc
23516,Concentration of Very Small VLDL Particles,vldl_vs_conc
23517,Total Lipids in Very Small VLDL,vldl_vs_tot_lipids
23518,Phospholipids in Very Small VLDL,vldl_vs_phospholipids
23519,Cholesterol in Very Small VLDL,vldl_vs_chol
23520,Cholesteryl Esters in Very Small VLDL,vldl_vs_steryl_esters
23521,Free Cholesterol in Very Small VLDL,vldl_vs_fr_chol
23522,Triglycerides in Very Small VLDL,vldl_vs_triglyc
23523,Concentration of IDL Particles,idl_conc
23524,Total Lipids in IDL,idl_tot_lipids
23525,Phospholipids in IDL,idl_phospholipids
23526,Cholesterol in IDL,idl_chol
23527,Cholesteryl Esters in IDL,idl_steryl_esters
23528,Free Cholesterol in IDL,idl_fr_chol
23529,Triglycerides in IDL,idl_triglyc
23530,Concentration of Large LDL Particles,ldl_l_conc
23531,Total Lipids in Large LDL,ldl_l_tot_lipids
23532,Phospholipids in Large LDL,ldl_l_phospholipids
23533,Cholesterol in Large LDL,ldl_l_chol
23534,Cholesteryl Esters in Large LDL,ldl_l_steryl_esters
23535,Free Cholesterol in Large LDL,ldl_l_fr_chol
23536,Triglycerides in Large LDL,ldl_l_triglyc
23537,Concentration of Medium LDL Particles,ldl_m_conc
23538,Total Lipids in Medium LDL,ldl_m_tot_lipids
23539,Phospholipids in Medium LDL,ldl_m_phospholipids
23540,Cholesterol in Medium LDL,ldl_m_chol
23541,Cholesteryl Esters in Medium LDL,ldl_m_steryl_esters
23542,Free Cholesterol in Medium LDL,ldl_m_fr_chol
23543,Triglycerides in Medium LDL,ldl_m_triglyc
23544,Concentration of Small LDL Particles,ldl_s_conc
23545,Total Lipids in Small LDL,ldl_s_tot_lipids
23546,Phospholipids in Small LDL,ldl_s_phospholipids
23547,Cholesterol in Small LDL,ldl_s_chol
23548,Cholesteryl Esters in Small LDL,ldl_s_steryl_esters
23549,Free Cholesterol in Small LDL,ldl_s_fr_chol
23550,Triglycerides in Small LDL,ldl_s_triglyc
23551,Concentration of Very Large HDL Particles,hdl_vl_conc
23552,Total Lipids in Very Large HDL,hdl_vl_tot_lipids
23553,Phospholipids in Very Large HDL,hdl_vl_phospholipids
23554,Cholesterol in Very Large HDL,hdl_vl_chol
23555,Cholesteryl Esters in Very Large HDL,hdl_vl_steryl_esters
23556,Free Cholesterol in Very Large HDL,hdl_vl_fr_chol
23557,Triglycerides in Very Large HDL,hdl_vl_triglyc
23558,Concentration of Large HDL Particles,hdl_l_conc
23559,Total Lipids in Large HDL,hdl_l_tot_lipids
23560,Phospholipids in Large HDL,hdl_l_phospholipids
23561,Cholesterol in Large HDL,hdl_l_chol
23562,Cholesteryl Esters in Large HDL,hdl_l_steryl_esters
23563,Free Cholesterol in Large HDL,hdl_l_fr_chol
23564,Triglycerides in Large HDL,hdl_l_triglyc
23565,Concentration of Medium HDL Particles,hdl_m_conc
23566,Total Lipids in Medium HDL,hdl_m_tot_lipids
23567,Phospholipids in Medium HDL,hdl_m_phospholipids
23568,Cholesterol in Medium HDL,hdl_m_chol
23569,Cholesteryl Esters in Medium HDL,hdl_m_steryl_esters
23570,Free Cholesterol in Medium HDL,hdl_m_fr_chol
23571,Triglycerides in Medium HDL,hdl_m_triglyc
23572,Concentration of Small HDL Particles,hdl_s_conc
23573,Total Lipids in Small HDL,hdl_s_tot_lipids
23574,Phospholipids in Small HDL,hdl_s_phospholipids
23575,Cholesterol in Small HDL,hdl_s_chol
23576,Cholesteryl Esters in Small HDL,hdl_s_steryl_esters
23577,Free Cholesterol in Small HDL,hdl_s_fr_chol
23578,Triglycerides in Small HDL,hdl_s_triglyc
23579,Phospholipids to Total Lipids in Chylomicrons and Extremely Large VLDL percentage,vldl_xl_pct_phospholipids
23580,Cholesterol to Total Lipids in Chylomicrons and Extremely Large VLDL percentage,vldl_xl_pct_chol
23581,Cholesteryl Esters to Total Lipids in Chylomicrons and Extremely Large VLDL percentage,vldl_xl_pct_steryl_esters
23582,Free Cholesterol to Total Lipids in Chylomicrons and Extremely Large VLDL percentage,vldl_xl_pct_fr_chol
23583,Triglycerides to Total Lipids in Chylomicrons and Extremely Large VLDL percentage,vldl_xl_pct_triglyc
23584,Phospholipids to Total Lipids in Very Large VLDL percentage,vldl_vl_pct_phospholipids
23585,Cholesterol to Total Lipids in Very Large VLDL percentage,vldl_vl_pct_chol
23586,Cholesteryl Esters to Total Lipids in Very Large VLDL percentage,vldl_vl_pct_steryl_esters
23587,Free Cholesterol to Total Lipids in Very Large VLDL percentage,vldl_vl_pct_fr_chol
23588,Triglycerides to Total Lipids in Very Large VLDL percentage,vldl_vl_pct_triglyc
23589,Phospholipids to Total Lipids in Large VLDL percentage,vldl_l_pct_phospholipids
23590,Cholesterol to Total Lipids in Large VLDL percentage,vldl_l_pct_chol
23591,Cholesteryl Esters to Total Lipids in Large VLDL percentage,vldl_l_pct_steryl_esters
23592,Free Cholesterol to Total Lipids in Large VLDL percentage,vldl_l_pct_fr_chol
23593,Triglycerides to Total Lipids in Large VLDL percentage,vldl_l_pct_triglyc
23594,Phospholipids to Total Lipids in Medium VLDL percentage,vldl_m_pct_phospholipids
23595,Cholesterol to Total Lipids in Medium VLDL percentage,vldl_m_pct_chol
23596,Cholesteryl Esters to Total Lipids in Medium VLDL percentage,vldl_m_pct_steryl_esters
23597,Free Cholesterol to Total Lipids in Medium VLDL percentage,vldl_m_pct_fr_chol
23598,Triglycerides to Total Lipids in Medium VLDL percentage,vldl_m_pct_triglyc
23599,Phospholipids to Total Lipids in Small VLDL percentage,vldl_s_pct_phospholipids
23600,Cholesterol to Total Lipids in Small VLDL percentage,vldl_s_pct_chol
23601,Cholesteryl Esters to Total Lipids in Small VLDL percentage,vldl_s_pct_steryl_esters
23602,Free Cholesterol to Total Lipids in Small VLDL percentage,vldl_s_pct_fr_chol
23603,Triglycerides to Total Lipids in Small VLDL percentage,vldl_s_pct_triglyc
23604,Phospholipids to Total Lipids in Very Small VLDL percentage,vldl_vs_pct_phospholipids
23605,Cholesterol to Total Lipids in Very Small VLDL percentage,vldl_vs_pct_chol
23606,Cholesteryl Esters to Total Lipids in Very Small VLDL percentage,vldl_vs_pct_steryl_esters
23607,Free Cholesterol to Total Lipids in Very Small VLDL percentage,vldl_vs_pct_fr_chol
23608,Triglycerides to Total Lipids in Very Small VLDL percentage,vldl_vs_pct_triglyc
23609,Phospholipids to Total Lipids in IDL percentage,idl_pct_phospholipids
23610,Cholesterol to Total Lipids in IDL percentage,idl_pct_chol
23611,Cholesteryl Esters to Total Lipids in IDL percentage,idl_pct_steryl_esters
23612,Free Cholesterol to Total Lipids in IDL percentage,idl_pct_fr_chol
23613,Triglycerides to Total Lipids in IDL percentage,idl_pct_triglyc
23614,Phospholipids to Total Lipids in Large LDL percentage,ldl_l_pct_phospholipids
23615,Cholesterol to Total Lipids in Large LDL percentage,ldl_l_pct_chol
23616,Cholesteryl Esters to Total Lipids in Large LDL percentage,ldl_l_pct_steryl_esters
23617,Free Cholesterol to Total Lipids in Large LDL percentage,ldl_l_pct_fr_chol
23618,Triglycerides to Total Lipids in Large LDL percentage,ldl_l_pct_triglyc
23619,Phospholipids to Total Lipids in Medium LDL percentage,ldl_m_pct_phospholipids
23620,Cholesterol to Total Lipids in Medium LDL percentage,ldl_m_pct_chol
23621,Cholesteryl Esters to Total Lipids in Medium LDL percentage,ldl_m_pct_steryl_esters
23622,Free Cholesterol to Total Lipids in Medium LDL percentage,ldl_m_pct_fr_chol
23623,Triglycerides to Total Lipids in Medium LDL percentage,ldl_m_pct_triglyc
23624,Phospholipids to Total Lipids in Small LDL percentage,ldl_s_pct_phospholipids
23625,Cholesterol to Total Lipids in Small LDL percentage,ldl_s_pct_chol
23626,Cholesteryl Esters to Total Lipids in Small LDL percentage,ldl_s_pct_steryl_esters
23627,Free Cholesterol to Total Lipids in Small LDL percentage,ldl_s_pct_fr_chol
23628,Triglycerides to Total Lipids in Small LDL percentage,ldl_s_pct_triglyc
23629,Phospholipids to Total Lipids in Very Large HDL percentage,hdl_vl_pct_phospholipids
23630,Cholesterol to Total Lipids in Very Large HDL percentage,hdl_vl_pct_chol
23631,Cholesteryl Esters to Total Lipids in Very Large HDL percentage,hdl_vl_pct_steryl_esters
23632,Free Cholesterol to Total Lipids in Very Large HDL percentage,hdl_vl_pct_fr_chol
23633,Triglycerides to Total Lipids in Very Large HDL percentage,hdl_vl_pct_triglyc
23634,Phospholipids to Total Lipids in Large HDL percentage,hdl_l_pct_phospholipids
23635,Cholesterol to Total Lipids in Large HDL percentage,hdl_l_pct_chol
23636,Cholesteryl Esters to Total Lipids in Large HDL percentage,hdl_l_pct_steryl_esters
23637,Free Cholesterol to Total Lipids in Large HDL percentage,hdl_l_pct_fr_chol
23638,Triglycerides to Total Lipids in Large HDL percentage,hdl_l_pct_triglyc
23639,Phospholipids to Total Lipids in Medium HDL percentage,hdl_m_pct_phospholipids
23640,Cholesterol to Total Lipids in Medium HDL percentage,hdl_m_pct_chol
23641,Cholesteryl Esters to Total Lipids in Medium HDL percentage,hdl_m_pct_steryl_esters
23642,Free Cholesterol to Total Lipids in Medium HDL percentage,hdl_m_pct_fr_chol
23643,Triglycerides to Total Lipids in Medium HDL percentage,hdl_m_pct_triglyc
23644,Phospholipids to Total Lipids in Small HDL percentage,hdl_s_pct_phospholipids
23645,Cholesterol to Total Lipids in Small HDL percentage,hdl_s_pct_chol
23646,Cholesteryl Esters to Total Lipids in Small HDL percentage,hdl_s_pct_steryl_esters
23647,Free Cholesterol to Total Lipids in Small HDL percentage,hdl_s_pct_fr_chol
23648,Triglycerides to Total Lipids in Small HDL percentage,hdl_s_pct_triglyc
